--name: fill-tables
INSERT INTO `config` (`lastmatch`,`refresh`,`stage`) VALUES (1,0,1);
INSERT INTO `users` (`id`,`firstname`,`lastname`,`password`,`email`,`score`,`champion`,`champchange`,`position`,`positionbefore`,`malus`,`bonus`,`ngoodscores`,`ngoodwinner`) VALUES (1,'Gilles','Dejeneffe','9dc08e4033827c93f48cabc2f61e3f9817b51a7f1bcfa513a7537dcbc5d162e7','test@test.com',0,2,0,1,1,0,0,0,0);
INSERT INTO `teams` (`id`,`name`,`active`,`groupid`,`point`,`win`,`drawn`,`lose`,`goalfor`,`goalagainst`) VALUES (1,'Qatar',0,'A1',0,0,0,0,0,0);
INSERT INTO `teams` (`id`,`name`,`active`,`groupid`,`point`,`win`,`drawn`,`lose`,`goalfor`,`goalagainst`) VALUES (2,'Ecuador',0,'A2',0,0,0,0,0,0);
INSERT INTO `teams` (`id`,`name`,`active`,`groupid`,`point`,`win`,`drawn`,`lose`,`goalfor`,`goalagainst`) VALUES (3,'Senegal',0,'A3',0,0,0,0,0,0);
INSERT INTO `teams` (`id`,`name`,`active`,`groupid`,`point`,`win`,`drawn`,`lose`,`goalfor`,`goalagainst`) VALUES (4,'Netherlands',0,'A4',0,0,0,0,0,0);
INSERT INTO `teams` (`id`,`name`,`active`,`groupid`,`point`,`win`,`drawn`,`lose`,`goalfor`,`goalagainst`) VALUES (5,'England',0,'B1',0,0,0,0,0,0);
INSERT INTO `teams` (`id`,`name`,`active`,`groupid`,`point`,`win`,`drawn`,`lose`,`goalfor`,`goalagainst`) VALUES (6,'Iran',0,'B2',0,0,0,0,0,0);
INSERT INTO `teams` (`id`,`name`,`active`,`groupid`,`point`,`win`,`drawn`,`lose`,`goalfor`,`goalagainst`) VALUES (7,'United States',0,'B3',0,0,0,0,0,0);
INSERT INTO `teams` (`id`,`name`,`active`,`groupid`,`point`,`win`,`drawn`,`lose`,`goalfor`,`goalagainst`) VALUES (8,'Wales',0,'B4',0,0,0,0,0,0);
INSERT INTO `teams` (`id`,`name`,`active`,`groupid`,`point`,`win`,`drawn`,`lose`,`goalfor`,`goalagainst`) VALUES (9,'Argentina',0,'C1',0,0,0,0,0,0);
INSERT INTO `teams` (`id`,`name`,`active`,`groupid`,`point`,`win`,`drawn`,`lose`,`goalfor`,`goalagainst`) VALUES (10,'Saudi Arabia',0,'C2',0,0,0,0,0,0);
INSERT INTO `teams` (`id`,`name`,`active`,`groupid`,`point`,`win`,`drawn`,`lose`,`goalfor`,`goalagainst`) VALUES (11,'Mexico',0,'C3',0,0,0,0,0,0);
INSERT INTO `teams` (`id`,`name`,`active`,`groupid`,`point`,`win`,`drawn`,`lose`,`goalfor`,`goalagainst`) VALUES (12,'Poland',0,'C4',0,0,0,0,0,0);
INSERT INTO `teams` (`id`,`name`,`active`,`groupid`,`point`,`win`,`drawn`,`lose`,`goalfor`,`goalagainst`) VALUES (13,'France',0,'D1',0,0,0,0,0,0);
INSERT INTO `teams` (`id`,`name`,`active`,`groupid`,`point`,`win`,`drawn`,`lose`,`goalfor`,`goalagainst`) VALUES (14,'Australia',0,'D2',0,0,0,0,0,0);
INSERT INTO `teams` (`id`,`name`,`active`,`groupid`,`point`,`win`,`drawn`,`lose`,`goalfor`,`goalagainst`) VALUES (15,'Denmark',0,'D3',0,0,0,0,0,0);
INSERT INTO `teams` (`id`,`name`,`active`,`groupid`,`point`,`win`,`drawn`,`lose`,`goalfor`,`goalagainst`) VALUES (16,'Tunisia',0,'D4',0,0,0,0,0,0);
INSERT INTO `teams` (`id`,`name`,`active`,`groupid`,`point`,`win`,`drawn`,`lose`,`goalfor`,`goalagainst`) VALUES (17,'Spain',0,'E1',0,0,0,0,0,0);
INSERT INTO `teams` (`id`,`name`,`active`,`groupid`,`point`,`win`,`drawn`,`lose`,`goalfor`,`goalagainst`) VALUES (18,'Costa Rica',0,'E2',0,0,0,0,0,0);
INSERT INTO `teams` (`id`,`name`,`active`,`groupid`,`point`,`win`,`drawn`,`lose`,`goalfor`,`goalagainst`) VALUES (19,'Germany',0,'E3',0,0,0,0,0,0);
INSERT INTO `teams` (`id`,`name`,`active`,`groupid`,`point`,`win`,`drawn`,`lose`,`goalfor`,`goalagainst`) VALUES (20,'Japan',0,'E4',0,0,0,0,0,0);
INSERT INTO `teams` (`id`,`name`,`active`,`groupid`,`point`,`win`,`drawn`,`lose`,`goalfor`,`goalagainst`) VALUES (21,'Belgium',0,'F1',0,0,0,0,0,0);
INSERT INTO `teams` (`id`,`name`,`active`,`groupid`,`point`,`win`,`drawn`,`lose`,`goalfor`,`goalagainst`) VALUES (22,'Canada',0,'F2',0,0,0,0,0,0);
INSERT INTO `teams` (`id`,`name`,`active`,`groupid`,`point`,`win`,`drawn`,`lose`,`goalfor`,`goalagainst`) VALUES (23,'Morocco',0,'F3',0,0,0,0,0,0);
INSERT INTO `teams` (`id`,`name`,`active`,`groupid`,`point`,`win`,`drawn`,`lose`,`goalfor`,`goalagainst`) VALUES (24,'Croatia',0,'F4',0,0,0,0,0,0);
INSERT INTO `teams` (`id`,`name`,`active`,`groupid`,`point`,`win`,`drawn`,`lose`,`goalfor`,`goalagainst`) VALUES (25,'Brazil',0,'G1',0,0,0,0,0,0);
INSERT INTO `teams` (`id`,`name`,`active`,`groupid`,`point`,`win`,`drawn`,`lose`,`goalfor`,`goalagainst`) VALUES (26,'Serbia',0,'G2',0,0,0,0,0,0);
INSERT INTO `teams` (`id`,`name`,`active`,`groupid`,`point`,`win`,`drawn`,`lose`,`goalfor`,`goalagainst`) VALUES (27,'Switzerland',0,'G3',0,0,0,0,0,0);
INSERT INTO `teams` (`id`,`name`,`active`,`groupid`,`point`,`win`,`drawn`,`lose`,`goalfor`,`goalagainst`) VALUES (28,'Cameroon',0,'G4',0,0,0,0,0,0);
INSERT INTO `teams` (`id`,`name`,`active`,`groupid`,`point`,`win`,`drawn`,`lose`,`goalfor`,`goalagainst`) VALUES (29,'Portugal',0,'H1',0,0,0,0,0,0);
INSERT INTO `teams` (`id`,`name`,`active`,`groupid`,`point`,`win`,`drawn`,`lose`,`goalfor`,`goalagainst`) VALUES (30,'Ghana',0,'H2',0,0,0,0,0,0);
INSERT INTO `teams` (`id`,`name`,`active`,`groupid`,`point`,`win`,`drawn`,`lose`,`goalfor`,`goalagainst`) VALUES (31,'Uruguay',0,'H3',0,0,0,0,0,0);
INSERT INTO `teams` (`id`,`name`,`active`,`groupid`,`point`,`win`,`drawn`,`lose`,`goalfor`,`goalagainst`) VALUES (32,'South Korea',0,'H4',0,0,0,0,0,0);
INSERT INTO `stats` (`nombrebut`,`goodprono`,`goodwinner`,`redcard`,`yellowcard`) VALUES (0,0,0,0,0);
INSERT INTO `stage` (`id`,`name`,`active`) VALUES (1,'Groupe Stage 1',0);
INSERT INTO `stage` (`id`,`name`,`active`) VALUES (2,'Groupe Stage 2',0);
INSERT INTO `stage` (`id`,`name`,`active`) VALUES (3,'Groupe Stage 3',0);
INSERT INTO `stage` (`id`,`name`,`active`) VALUES (4,'Round of 16',0);
INSERT INTO `stage` (`id`,`name`,`active`) VALUES (5,'Quarter-finals',0);
INSERT INTO `stage` (`id`,`name`,`active`) VALUES (6,'Semi-finals',0);
INSERT INTO `stage` (`id`,`name`,`active`) VALUES (7,'Little Final',0);
INSERT INTO `stage` (`id`,`name`,`active`) VALUES (8,'Final',0);
INSERT INTO `matches` (`id`,`stage`,`date`,`teama`,`scorea`,`pena`,`teamb`,`scoreb`,`penb`,`stadium`) VALUES  (1,1,'2022-11-20 17:00:00',1,0,0,2,0,0,2);
INSERT INTO `matches` (`id`,`stage`,`date`,`teama`,`scorea`,`pena`,`teamb`,`scoreb`,`penb`,`stadium`) VALUES  (2,1,'2022-11-21 17:00:00',3,0,0,4,0,0,4);
INSERT INTO `matches` (`id`,`stage`,`date`,`teama`,`scorea`,`pena`,`teamb`,`scoreb`,`penb`,`stadium`) VALUES  (3,1,'2022-11-21 14:00:00',5,0,0,6,0,0,7);
INSERT INTO `matches` (`id`,`stage`,`date`,`teama`,`scorea`,`pena`,`teamb`,`scoreb`,`penb`,`stadium`) VALUES  (4,1,'2022-11-21 20:00:00',7,0,0,8,0,0,6);
INSERT INTO `matches` (`id`,`stage`,`date`,`teama`,`scorea`,`pena`,`teamb`,`scoreb`,`penb`,`stadium`) VALUES  (5,1,'2022-11-22 11:00:00',9,0,0,10,0,0,8);
INSERT INTO `matches` (`id`,`stage`,`date`,`teama`,`scorea`,`pena`,`teamb`,`scoreb`,`penb`,`stadium`) VALUES  (6,1,'2022-11-22 14:00:00',15,0,0,16,0,0,5);
INSERT INTO `matches` (`id`,`stage`,`date`,`teama`,`scorea`,`pena`,`teamb`,`scoreb`,`penb`,`stadium`) VALUES  (7,1,'2022-11-22 17:00:00',11,0,0,12,0,0,3);
INSERT INTO `matches` (`id`,`stage`,`date`,`teama`,`scorea`,`pena`,`teamb`,`scoreb`,`penb`,`stadium`) VALUES  (8,1,'2022-11-22 20:00:00',13,0,0,14,0,0,1);
INSERT INTO `matches` (`id`,`stage`,`date`,`teama`,`scorea`,`pena`,`teamb`,`scoreb`,`penb`,`stadium`) VALUES  (9,1,'2022-11-23 11:00:00',23,0,0,24,0,0,7);
INSERT INTO `matches` (`id`,`stage`,`date`,`teama`,`scorea`,`pena`,`teamb`,`scoreb`,`penb`,`stadium`) VALUES (10,1,'2022-11-23 14:00:00',19,0,0,20,0,0,7);
INSERT INTO `matches` (`id`,`stage`,`date`,`teama`,`scorea`,`pena`,`teamb`,`scoreb`,`penb`,`stadium`) VALUES (11,1,'2022-11-23 17:00:00',17,0,0,18,0,0,7);
INSERT INTO `matches` (`id`,`stage`,`date`,`teama`,`scorea`,`pena`,`teamb`,`scoreb`,`penb`,`stadium`) VALUES (12,1,'2022-11-23 20:00:00',21,0,0,22,0,0,7);
INSERT INTO `matches` (`id`,`stage`,`date`,`teama`,`scorea`,`pena`,`teamb`,`scoreb`,`penb`,`stadium`) VALUES (13,1,'2022-11-24 11:00:00',27,0,0,28,0,0,7);
INSERT INTO `matches` (`id`,`stage`,`date`,`teama`,`scorea`,`pena`,`teamb`,`scoreb`,`penb`,`stadium`) VALUES (14,1,'2022-11-24 14:00:00',31,0,0,32,0,0,7);
INSERT INTO `matches` (`id`,`stage`,`date`,`teama`,`scorea`,`pena`,`teamb`,`scoreb`,`penb`,`stadium`) VALUES (15,1,'2022-11-24 17:00:00',29,0,0,30,0,0,7);
INSERT INTO `matches` (`id`,`stage`,`date`,`teama`,`scorea`,`pena`,`teamb`,`scoreb`,`penb`,`stadium`) VALUES (16,1,'2022-11-24 20:00:00',25,0,0,26,0,0,7);
INSERT INTO `matches` (`id`,`stage`,`date`,`teama`,`scorea`,`pena`,`teamb`,`scoreb`,`penb`,`stadium`) VALUES (17,2,'2022-11-25 11:00:00',8,0,0,6,0,0,7);
INSERT INTO `matches` (`id`,`stage`,`date`,`teama`,`scorea`,`pena`,`teamb`,`scoreb`,`penb`,`stadium`) VALUES (18,2,'2022-11-25 14:00:00',1,0,0,3,0,0,7);
INSERT INTO `matches` (`id`,`stage`,`date`,`teama`,`scorea`,`pena`,`teamb`,`scoreb`,`penb`,`stadium`) VALUES (19,2,'2022-11-25 17:00:00',4,0,0,2,0,0,7);
INSERT INTO `matches` (`id`,`stage`,`date`,`teama`,`scorea`,`pena`,`teamb`,`scoreb`,`penb`,`stadium`) VALUES (20,2,'2022-11-25 20:00:00',5,0,0,7,0,0,7);
INSERT INTO `matches` (`id`,`stage`,`date`,`teama`,`scorea`,`pena`,`teamb`,`scoreb`,`penb`,`stadium`) VALUES (21,2,'2022-11-26 11:00:00',16,0,0,14,0,0,7);
INSERT INTO `matches` (`id`,`stage`,`date`,`teama`,`scorea`,`pena`,`teamb`,`scoreb`,`penb`,`stadium`) VALUES (22,2,'2022-11-26 14:00:00',12,0,0,10,0,0,7);
INSERT INTO `matches` (`id`,`stage`,`date`,`teama`,`scorea`,`pena`,`teamb`,`scoreb`,`penb`,`stadium`) VALUES (23,2,'2022-11-26 17:00:00',13,0,0,15,0,0,7);
INSERT INTO `matches` (`id`,`stage`,`date`,`teama`,`scorea`,`pena`,`teamb`,`scoreb`,`penb`,`stadium`) VALUES (24,2,'2022-11-26 20:00:00',9,0,0,11,0,0,7);
INSERT INTO `matches` (`id`,`stage`,`date`,`teama`,`scorea`,`pena`,`teamb`,`scoreb`,`penb`,`stadium`) VALUES (25,2,'2022-11-27 11:00:00',20,0,0,18,0,0,7);
INSERT INTO `matches` (`id`,`stage`,`date`,`teama`,`scorea`,`pena`,`teamb`,`scoreb`,`penb`,`stadium`) VALUES (26,2,'2022-11-27 14:00:00',21,0,0,23,0,0,7);
INSERT INTO `matches` (`id`,`stage`,`date`,`teama`,`scorea`,`pena`,`teamb`,`scoreb`,`penb`,`stadium`) VALUES (27,2,'2022-11-27 17:00:00',24,0,0,22,0,0,7);
INSERT INTO `matches` (`id`,`stage`,`date`,`teama`,`scorea`,`pena`,`teamb`,`scoreb`,`penb`,`stadium`) VALUES (28,2,'2022-11-27 20:00:00',17,0,0,19,0,0,7);
INSERT INTO `matches` (`id`,`stage`,`date`,`teama`,`scorea`,`pena`,`teamb`,`scoreb`,`penb`,`stadium`) VALUES (29,2,'2022-11-28 11:00:00',28,0,0,26,0,0,7);
INSERT INTO `matches` (`id`,`stage`,`date`,`teama`,`scorea`,`pena`,`teamb`,`scoreb`,`penb`,`stadium`) VALUES (30,2,'2022-11-28 14:00:00',32,0,0,30,0,0,7);
INSERT INTO `matches` (`id`,`stage`,`date`,`teama`,`scorea`,`pena`,`teamb`,`scoreb`,`penb`,`stadium`) VALUES (31,2,'2022-11-28 17:00:00',25,0,0,27,0,0,7);
INSERT INTO `matches` (`id`,`stage`,`date`,`teama`,`scorea`,`pena`,`teamb`,`scoreb`,`penb`,`stadium`) VALUES (32,2,'2022-11-28 20:00:00',29,0,0,31,0,0,7);
INSERT INTO `matches` (`id`,`stage`,`date`,`teama`,`scorea`,`pena`,`teamb`,`scoreb`,`penb`,`stadium`) VALUES (33,3,'2022-11-29 16:00:00',2,0,0,3,0,0,7);
INSERT INTO `matches` (`id`,`stage`,`date`,`teama`,`scorea`,`pena`,`teamb`,`scoreb`,`penb`,`stadium`) VALUES (34,3,'2022-11-29 16:00:00',4,0,0,1,0,0,7);
INSERT INTO `matches` (`id`,`stage`,`date`,`teama`,`scorea`,`pena`,`teamb`,`scoreb`,`penb`,`stadium`) VALUES (35,3,'2022-11-29 20:00:00',8,0,0,5,0,0,7);
INSERT INTO `matches` (`id`,`stage`,`date`,`teama`,`scorea`,`pena`,`teamb`,`scoreb`,`penb`,`stadium`) VALUES (36,3,'2022-11-29 20:00:00',6,0,0,7,0,0,7);
INSERT INTO `matches` (`id`,`stage`,`date`,`teama`,`scorea`,`pena`,`teamb`,`scoreb`,`penb`,`stadium`) VALUES (37,3,'2022-11-30 16:00:00',14,0,0,15,0,0,7);
INSERT INTO `matches` (`id`,`stage`,`date`,`teama`,`scorea`,`pena`,`teamb`,`scoreb`,`penb`,`stadium`) VALUES (38,3,'2022-11-30 16:00:00',16,0,0,13,0,0,7);
INSERT INTO `matches` (`id`,`stage`,`date`,`teama`,`scorea`,`pena`,`teamb`,`scoreb`,`penb`,`stadium`) VALUES (39,3,'2022-11-30 20:00:00',12,0,0,9,0,0,7);
INSERT INTO `matches` (`id`,`stage`,`date`,`teama`,`scorea`,`pena`,`teamb`,`scoreb`,`penb`,`stadium`) VALUES (40,3,'2022-11-30 20:00:00',10,0,0,11,0,0,7);
INSERT INTO `matches` (`id`,`stage`,`date`,`teama`,`scorea`,`pena`,`teamb`,`scoreb`,`penb`,`stadium`) VALUES (41,3,'2022-12-01 16:00:00',24,0,0,21,0,0,7);
INSERT INTO `matches` (`id`,`stage`,`date`,`teama`,`scorea`,`pena`,`teamb`,`scoreb`,`penb`,`stadium`) VALUES (42,3,'2022-12-01 16:00:00',22,0,0,23,0,0,7);
INSERT INTO `matches` (`id`,`stage`,`date`,`teama`,`scorea`,`pena`,`teamb`,`scoreb`,`penb`,`stadium`) VALUES (43,3,'2022-12-01 20:00:00',20,0,0,17,0,0,7);
INSERT INTO `matches` (`id`,`stage`,`date`,`teama`,`scorea`,`pena`,`teamb`,`scoreb`,`penb`,`stadium`) VALUES (44,3,'2022-12-01 20:00:00',18,0,0,19,0,0,7);
INSERT INTO `matches` (`id`,`stage`,`date`,`teama`,`scorea`,`pena`,`teamb`,`scoreb`,`penb`,`stadium`) VALUES (45,3,'2022-12-02 16:00:00',30,0,0,31,0,0,7);
INSERT INTO `matches` (`id`,`stage`,`date`,`teama`,`scorea`,`pena`,`teamb`,`scoreb`,`penb`,`stadium`) VALUES (46,3,'2022-12-02 16:00:00',32,0,0,29,0,0,7);
INSERT INTO `matches` (`id`,`stage`,`date`,`teama`,`scorea`,`pena`,`teamb`,`scoreb`,`penb`,`stadium`) VALUES (47,3,'2022-12-02 20:00:00',26,0,0,27,0,0,7);
INSERT INTO `matches` (`id`,`stage`,`date`,`teama`,`scorea`,`pena`,`teamb`,`scoreb`,`penb`,`stadium`) VALUES (48,3,'2022-12-02 20:00:00',28,0,0,25,0,0,7);
INSERT INTO `stadium` (`id`,`name`) VALUES (1,'Lusail Iconic Stadium');
INSERT INTO `stadium` (`id`,`name`) VALUES (2,'Al Bayt Stadium');
INSERT INTO `stadium` (`id`,`name`) VALUES (3,'Stadium 974');
INSERT INTO `stadium` (`id`,`name`) VALUES (4,'Al Thumama Stadium');
INSERT INTO `stadium` (`id`,`name`) VALUES (5,'Education City Stadium');
INSERT INTO `stadium` (`id`,`name`) VALUES (6,'Ahmed bin Ali Stadium');
INSERT INTO `stadium` (`id`,`name`) VALUES (7,'Khalifa International Stadium');
INSERT INTO `stadium` (`id`,`name`) VALUES (8,'Al Janoub Stadium');